filename,width,height,name,xmin,ymin,xmax,ymax
image100.png,180,50,A,9,15,41,42
image100.png,180,50,Z,40,10,72,38
image100.png,180,50,G,75,13,105,36
image100.png,180,50,6,117,11,140,34
image100.png,180,50,4,147,18,168,43
image101.png,180,50,U,9,13,42,37
image101.png,180,50,R,41,14,76,42
image101.png,180,50,C,81,10,114,36
image101.png,180,50,7,115,14,146,42
image101.png,180,50,C,148,9,176,37
image102.png,180,50,8,11,12,32,38
image102.png,180,50,Y,37,14,72,41
image102.png,180,50,N,79,8,107,36
image102.png,180,50,E,113,5,145,36
image102.png,180,50,C,149,12,180,40
image103.png,180,50,6,11,11,38,39
image103.png,180,50,F,42,10,73,35
image103.png,180,50,P,78,10,107,37
image103.png,180,50,U,114,7,151,33
image103.png,180,50,R,150,6,172,31
image104.png,180,50,P,12,6,38,36
image104.png,180,50,9,41,12,68,46
image104.png,180,50,J,74,15,94,45
image104.png,180,50,V,109,6,144,32
image104.png,180,50,Z,148,16,175,45
image105.png,180,50,Q,10,5,40,36
image105.png,180,50,Q,41,9,72,42
image105.png,180,50,P,77,10,107,40
image105.png,180,50,P,114,14,144,42
image105.png,180,50,R,149,11,173,36
image106.png,180,50,A,7,9,34,38
image106.png,180,50,H,43,9,73,33
image106.png,180,50,J,78,9,109,32
image106.png,180,50,Q,113,14,151,47
image106.png,180,50,Z,149,9,180,37
image107.png,180,50,7,9,14,32,43
image107.png,180,50,Z,40,10,69,36
image107.png,180,50,K,78,8,110,33
image107.png,180,50,7,113,14,145,45
image107.png,180,50,F,145,7,173,34
image108.png,180,50,Q,10,10,36,36
image108.png,180,50,T,44,10,71,33
image108.png,180,50,F,79,9,105,40
image108.png,180,50,8,116,9,142,37
image108.png,180,50,L,146,9,171,39
image109.png,180,50,A,10,15,41,45
image109.png,180,50,K,43,13,79,42
image109.png,180,50,A,79,15,116,45
image109.png,180,50,9,115,11,144,42
image109.png,180,50,U,148,14,180,42
image110.png,180,50,C,10,12,37,41
image110.png,180,50,4,42,9,71,38
image110.png,180,50,F,78,12,106,46
image110.png,180,50,3,113,8,137,34
image110.png,180,50,L,148,11,172,39
image111.png,180,50,V,8,10,38,36
image111.png,180,50,V,38,8,72,34
image111.png,180,50,A,76,17,114,50
image111.png,180,50,4,116,8,141,35
image111.png,180,50,U,148,12,177,39
image112.png,180,50,T,9,12,38,37
image112.png,180,50,D,41,10,72,35
image112.png,180,50,C,75,18,111,46
image112.png,180,50,J,109,14,129,50
image112.png,180,50,A,145,10,174,37
image113.png,180,50,D,11,8,36,36
image113.png,180,50,6,46,8,70,34
image113.png,180,50,7,77,10,109,39
image113.png,180,50,K,113,7,142,32
image113.png,180,50,H,146,11,180,37
image114.png,180,50,X,8,11,43,41
image114.png,180,50,Y,41,13,78,41
image114.png,180,50,3,79,13,108,40
image114.png,180,50,L,115,8,140,36
image114.png,180,50,Q,146,4,175,34
image115.png,180,50,X,8,8,35,35
image115.png,180,50,F,44,11,67,36
image115.png,180,50,8,78,6,105,32
image115.png,180,50,F,116,9,142,39
image115.png,180,50,H,149,9,176,33
image116.png,180,50,U,11,8,37,33
image116.png,180,50,X,39,8,80,37
image116.png,180,50,9,79,17,104,47
image116.png,180,50,V,113,14,144,45
image116.png,180,50,Y,146,11,174,38
image117.png,180,50,E,10,9,34,38
image117.png,180,50,Q,41,13,72,43
image117.png,180,50,4,78,10,107,38
image117.png,180,50,X,112,8,147,38
image117.png,180,50,7,147,11,174,38
image118.png,180,50,Y,9,8,43,36
image118.png,180,50,H,42,9,70,32
image118.png,180,50,Y,74,8,103,36
image118.png,180,50,Y,112,13,148,41
image118.png,180,50,E,147,8,174,37
image119.png,180,50,H,11,13,38,44
image119.png,180,50,A,40,14,76,43
image119.png,180,50,T,75,11,106,37
image119.png,180,50,Y,114,9,147,38
image119.png,180,50,K,147,8,175,36
image120.png,180,50,J,6,15,26,50
image120.png,180,50,T,36,11,67,37
image120.png,180,50,Y,75,12,110,38
image120.png,180,50,T,109,8,147,36
image120.png,180,50,D,149,14,180,42
image121.png,180,50,4,11,13,34,40
image121.png,180,50,K,41,11,74,36
image121.png,180,50,T,76,13,105,35
image121.png,180,50,T,110,8,136,34
image121.png,180,50,K,147,11,177,37
image122.png,180,50,U,10,9,39,38
image122.png,180,50,G,41,12,74,40
image122.png,180,50,C,78,11,109,39
image122.png,180,50,G,113,6,149,38
image122.png,180,50,T,148,11,176,37
image123.png,180,50,R,12,14,42,42
image123.png,180,50,Y,40,10,71,36
image123.png,180,50,D,78,16,113,45
image123.png,180,50,X,113,9,149,40
image123.png,180,50,9,148,11,170,40
image124.png,180,50,C,9,6,38,36
image124.png,180,50,Q,42,12,76,43
image124.png,180,50,8,79,10,104,37
image124.png,180,50,Y,115,8,150,35
image124.png,180,50,G,149,12,180,39
image125.png,180,50,V,9,14,43,41
image125.png,180,50,J,40,14,59,50
image125.png,180,50,3,77,9,105,38
image125.png,180,50,Z,111,12,142,43
image125.png,180,50,P,149,7,175,36
image126.png,180,50,9,11,6,32,31
image126.png,180,50,Q,43,14,82,46
image126.png,180,50,E,80,14,109,43
image126.png,180,50,8,113,14,138,40
image126.png,180,50,P,148,9,171,35
image127.png,180,50,7,10,10,36,37
image127.png,180,50,8,42,10,68,33
image127.png,180,50,F,78,12,106,39
image127.png,180,50,N,112,8,145,36
image127.png,180,50,6,145,12,168,42
image128.png,180,50,Q,9,5,35,38
image128.png,180,50,Z,40,13,76,42
image128.png,180,50,A,75,8,113,38
image128.png,180,50,P,112,12,137,38
image128.png,180,50,D,149,10,180,38
image129.png,180,50,R,11,9,40,39
image129.png,180,50,H,41,8,72,35
image129.png,180,50,F,79,13,101,42
image129.png,180,50,H,113,8,140,32
image129.png,180,50,4,148,16,171,47
image130.png,180,50,N,10,13,41,42
image130.png,180,50,Z,41,8,76,38
image130.png,180,50,G,78,14,108,44
image130.png,180,50,Y,112,16,147,42
image130.png,180,50,J,147,14,173,42
image131.png,180,50,8,10,13,32,37
image131.png,180,50,R,44,5,68,33
image131.png,180,50,C,77,9,107,40
image131.png,180,50,Z,115,16,146,44
image131.png,180,50,R,146,13,175,44
image132.png,180,50,R,12,10,42,41
image132.png,180,50,K,40,11,74,35
image132.png,180,50,7,77,10,105,36
image132.png,180,50,2,114,22,142,50
image132.png,180,50,Z,146,10,169,35
image133.png,180,50,7,9,7,33,37
image133.png,180,50,R,42,20,79,50
image133.png,180,50,H,78,10,115,40
image133.png,180,50,9,114,12,142,44
image133.png,180,50,Z,147,10,174,34
image134.png,180,50,Q,11,12,43,41
image134.png,180,50,J,34,16,52,46
image134.png,180,50,D,76,8,116,36
image134.png,180,50,A,110,8,152,37
image134.png,180,50,8,150,13,172,41
image135.png,180,50,A,9,13,41,43
image135.png,180,50,D,42,8,77,36
image135.png,180,50,8,77,11,105,37
image135.png,180,50,C,114,9,143,34
image135.png,180,50,F,148,18,174,46
image136.png,180,50,N,10,10,36,39
image136.png,180,50,J,38,11,63,39
image136.png,180,50,J,70,15,90,46
image136.png,180,50,J,111,9,143,34
image136.png,180,50,F,145,12,171,40
image137.png,180,50,K,9,6,46,37
image137.png,180,50,2,41,9,60,35
image137.png,180,50,K,82,15,108,44
image137.png,180,50,Z,110,19,143,47
image137.png,180,50,V,145,8,173,31
image138.png,180,50,6,13,5,35,33
image138.png,180,50,T,38,12,69,41
image138.png,180,50,F,77,8,104,38
image138.png,180,50,2,112,2,139,29
image138.png,180,50,3,149,8,174,39
image139.png,180,50,P,11,16,39,50
image139.png,180,50,L,41,14,70,42
image139.png,180,50,A,78,9,107,37
image139.png,180,50,3,113,10,139,34
image139.png,180,50,A,146,11,180,40
image140.png,180,50,9,10,7,34,35
image140.png,180,50,E,43,19,73,50
image140.png,180,50,6,77,13,102,41
image140.png,180,50,4,110,6,136,33
image140.png,180,50,H,149,9,173,33
image141.png,180,50,A,6,10,39,38
image141.png,180,50,V,40,10,75,40
image141.png,180,50,C,78,11,110,40
image141.png,180,50,X,109,10,145,43
image141.png,180,50,A,143,12,173,36
image142.png,180,50,7,9,8,32,35
image142.png,180,50,D,42,6,75,34
image142.png,180,50,D,76,10,112,37
image142.png,180,50,D,117,13,151,44
image142.png,180,50,Q,151,14,180,44
image143.png,180,50,Q,8,5,41,40
image143.png,180,50,7,39,11,63,38
image143.png,180,50,8,78,7,103,35
image143.png,180,50,E,113,11,145,42
image143.png,180,50,Y,146,10,180,40
image144.png,180,50,A,10,7,39,37
image144.png,180,50,Y,41,12,74,44
image144.png,180,50,3,77,15,100,44
image144.png,180,50,F,112,8,142,36
image144.png,180,50,7,146,12,169,37
image145.png,180,50,P,9,9,35,35
image145.png,180,50,6,42,11,69,40
image145.png,180,50,E,79,9,105,39
image145.png,180,50,N,117,12,149,39
image145.png,180,50,7,147,14,175,44
image146.png,180,50,9,10,7,31,35
image146.png,180,50,Y,39,8,75,37
image146.png,180,50,9,78,11,102,40
image146.png,180,50,P,115,13,143,40
image146.png,180,50,E,146,12,171,45
image147.png,180,50,T,7,11,32,38
image147.png,180,50,Q,40,8,77,41
image147.png,180,50,4,77,15,107,48
image147.png,180,50,Q,113,8,151,39
image147.png,180,50,L,147,6,173,30
image148.png,180,50,D,9,6,43,33
image148.png,180,50,H,42,14,79,40
image148.png,180,50,Y,77,19,113,47
image148.png,180,50,R,114,15,145,44
image148.png,180,50,U,145,10,174,35
image149.png,180,50,Q,11,7,42,38
image149.png,180,50,Q,41,15,85,50
image149.png,180,50,A,78,9,104,33
image149.png,180,50,Z,111,5,142,32
image149.png,180,50,T,145,4,173,31
image150.png,180,50,N,12,7,40,36
image150.png,180,50,8,41,7,65,33
image150.png,180,50,C,77,5,106,31
image150.png,180,50,F,112,9,139,37
image150.png,180,50,9,148,12,175,41
image151.png,180,50,8,9,15,32,42
image151.png,180,50,Z,40,11,77,44
image151.png,180,50,7,76,14,101,40
image151.png,180,50,G,112,10,151,40
image151.png,180,50,G,150,8,178,36
image152.png,180,50,R,11,11,42,38
image152.png,180,50,R,41,10,74,38
image152.png,180,50,2,77,14,109,43
image152.png,180,50,H,113,15,149,46
image152.png,180,50,P,148,13,176,40
image153.png,180,50,C,9,14,42,44
image153.png,180,50,3,41,13,69,41
image153.png,180,50,2,75,18,105,50
image153.png,180,50,D,112,11,150,40
image153.png,180,50,P,149,9,170,37
image154.png,180,50,V,10,13,39,43
image154.png,180,50,U,42,9,75,38
image154.png,180,50,V,75,9,114,41
image154.png,180,50,D,113,8,146,37
image154.png,180,50,X,146,11,179,41
image155.png,180,50,T,9,9,35,35
image155.png,180,50,D,44,14,75,47
image155.png,180,50,X,75,6,110,38
image155.png,180,50,U,112,7,141,31
image155.png,180,50,D,149,11,178,41
image156.png,180,50,D,10,6,36,33
image156.png,180,50,6,40,7,67,35
image156.png,180,50,R,75,6,105,35
image156.png,180,50,U,112,13,151,40
image156.png,180,50,K,150,19,178,47
image157.png,180,50,E,11,6,36,33
image157.png,180,50,L,42,8,62,34
image157.png,180,50,X,75,12,110,40
image157.png,180,50,P,112,9,141,38
image157.png,180,50,C,147,8,172,35
image158.png,180,50,A,7,13,38,42
image158.png,180,50,4,39,12,69,39
image158.png,180,50,Y,77,16,111,45
image158.png,180,50,6,116,10,142,38
image158.png,180,50,R,148,7,180,40
image159.png,180,50,P,7,13,36,42
image159.png,180,50,C,39,11,74,41
image159.png,180,50,A,79,15,112,45
image159.png,180,50,D,111,10,146,37
image159.png,180,50,R,149,6,180,39
image160.png,180,50,L,8,10,33,38
image160.png,180,50,T,40,9,72,35
image160.png,180,50,C,76,13,108,43
image160.png,180,50,T,113,8,143,30
image160.png,180,50,8,147,19,170,50
image161.png,180,50,7,10,10,34,38
image161.png,180,50,K,42,9,75,37
image161.png,180,50,7,77,7,105,38
image161.png,180,50,U,113,15,150,41
image161.png,180,50,F,149,10,174,38
image162.png,180,50,J,9,10,31,37
image162.png,180,50,R,43,14,75,46
image162.png,180,50,H,80,7,108,32
image162.png,180,50,3,112,7,138,37
image162.png,180,50,F,147,9,175,36
image163.png,180,50,G,12,15,44,43
image163.png,180,50,9,46,9,70,35
image163.png,180,50,J,74,7,92,31
image163.png,180,50,H,114,9,152,36
image163.png,180,50,V,148,8,173,35
image164.png,180,50,U,10,8,36,35
image164.png,180,50,G,40,7,77,37
image164.png,180,50,V,75,9,108,36
image164.png,180,50,Q,114,8,145,42
image164.png,180,50,V,147,18,180,46
image165.png,180,50,E,11,7,35,37
image165.png,180,50,9,41,14,70,44
image165.png,180,50,Q,78,12,110,43
image165.png,180,50,R,113,9,143,35
image165.png,180,50,4,146,6,172,36
image166.png,180,50,L,10,7,35,33
image166.png,180,50,C,40,10,69,35
image166.png,180,50,F,76,16,105,49
image166.png,180,50,E,114,13,142,41
image166.png,180,50,3,147,9,171,36
image167.png,180,50,H,12,12,41,43
image167.png,180,50,U,44,10,71,39
image167.png,180,50,F,79,9,108,35
image167.png,180,50,U,114,10,150,41
image167.png,180,50,H,149,15,180,44
image168.png,180,50,3,7,17,32,49
image168.png,180,50,L,37,11,71,34
image168.png,180,50,A,76,10,111,39
image168.png,180,50,V,111,11,145,40
image168.png,180,50,Q,148,10,180,44
image169.png,180,50,L,10,7,35,34
image169.png,180,50,E,40,12,72,45
image169.png,180,50,7,74,7,102,36
image169.png,180,50,X,111,9,147,38
image169.png,180,50,Y,148,7,180,33
image170.png,180,50,7,10,15,35,43
image170.png,180,50,8,43,8,68,36
image170.png,180,50,2,76,4,103,34
image170.png,180,50,Y,113,12,148,40
image170.png,180,50,7,149,11,171,40
image171.png,180,50,8,11,9,34,36
image171.png,180,50,P,42,8,69,35
image171.png,180,50,7,78,15,106,44
image171.png,180,50,R,109,9,145,34
image171.png,180,50,Y,145,13,178,41
image172.png,180,50,6,12,11,39,38
image172.png,180,50,7,43,9,70,37
image172.png,180,50,8,80,14,109,40
image172.png,180,50,8,113,14,142,43
image172.png,180,50,E,145,14,172,40
image173.png,180,50,P,9,5,35,37
image173.png,180,50,Z,40,11,67,37
image173.png,180,50,3,79,9,103,39
image173.png,180,50,9,112,3,141,32
image173.png,180,50,L,149,5,168,30
image174.png,180,50,9,11,14,36,42
image174.png,180,50,R,40,14,80,44
image174.png,180,50,X,78,11,105,40
image174.png,180,50,A,110,10,140,37
image174.png,180,50,U,149,10,171,35
image175.png,180,50,R,10,14,38,43
image175.png,180,50,J,41,8,65,37
image175.png,180,50,R,77,10,112,39
image175.png,180,50,A,110,10,144,32
image175.png,180,50,3,147,13,173,44
image176.png,180,50,T,7,8,39,36
image176.png,180,50,3,41,9,67,33
image176.png,180,50,X,76,8,112,35
image176.png,180,50,4,112,14,138,39
image176.png,180,50,U,145,14,177,45
image177.png,180,50,D,9,4,35,32
image177.png,180,50,U,42,11,80,41
image177.png,180,50,R,79,9,102,35
image177.png,180,50,6,113,7,140,36
image177.png,180,50,2,146,6,170,31
image178.png,180,50,A,8,15,37,45
image178.png,180,50,C,40,13,69,37
image178.png,180,50,T,76,5,100,33
image178.png,180,50,K,111,10,149,43
image178.png,180,50,G,149,13,180,40
image179.png,180,50,U,12,18,41,47
image179.png,180,50,4,41,13,76,46
image179.png,180,50,N,76,14,116,46
image179.png,180,50,L,111,11,145,38
image179.png,180,50,P,149,14,173,42
image180.png,180,50,E,10,7,36,36
image180.png,180,50,X,38,7,73,35
image180.png,180,50,H,80,17,115,44
image180.png,180,50,N,113,11,147,44
image180.png,180,50,X,148,9,178,42
image181.png,180,50,R,10,13,40,43
image181.png,180,50,4,40,12,72,41
image181.png,180,50,U,79,9,112,40
image181.png,180,50,V,114,13,149,42
image181.png,180,50,X,147,9,177,40
image182.png,180,50,C,10,8,35,36
image182.png,180,50,V,39,9,69,37
image182.png,180,50,P,77,11,105,36
image182.png,180,50,X,112,8,145,39
image182.png,180,50,6,148,13,176,41
image183.png,180,50,V,9,7,40,38
image183.png,180,50,P,43,8,72,34
image183.png,180,50,J,78,10,102,37
image183.png,180,50,Y,111,16,142,46
image183.png,180,50,D,147,15,178,42
image184.png,180,50,A,10,13,38,42
image184.png,180,50,V,38,6,74,36
image184.png,180,50,V,73,6,105,33
image184.png,180,50,7,114,1,142,30
image184.png,180,50,D,144,9,180,37
image185.png,180,50,U,9,11,36,33
image185.png,180,50,N,42,16,73,42
image185.png,180,50,Q,77,15,115,50
image185.png,180,50,8,113,10,140,36
image185.png,180,50,K,149,6,173,35
image186.png,180,50,E,10,9,33,40
image186.png,180,50,G,42,10,78,39
image186.png,180,50,K,79,12,114,42
image186.png,180,50,9,115,7,141,33
image186.png,180,50,T,146,14,175,44
image187.png,180,50,Y,8,9,40,36
image187.png,180,50,9,40,9,68,37
image187.png,180,50,F,79,13,102,41
image187.png,180,50,A,114,18,146,44
image187.png,180,50,2,147,19,172,45
image188.png,180,50,H,11,8,35,33
image188.png,180,50,2,41,7,65,33
image188.png,180,50,A,79,12,116,40
image188.png,180,50,C,115,11,146,38
image188.png,180,50,9,147,8,173,36
image189.png,180,50,V,9,9,39,35
image189.png,180,50,8,40,7,65,37
image189.png,180,50,L,79,10,106,38
image189.png,180,50,J,111,10,138,40
image189.png,180,50,8,146,9,167,34
image190.png,180,50,F,8,11,34,41
image190.png,180,50,2,40,15,68,44
image190.png,180,50,G,77,8,112,38
image190.png,180,50,K,111,8,149,37
image190.png,180,50,F,148,9,170,38
image191.png,180,50,Z,8,10,37,41
image191.png,180,50,T,41,9,76,39
image191.png,180,50,C,78,6,105,32
image191.png,180,50,L,112,10,141,39
image191.png,180,50,N,146,10,180,42
image192.png,180,50,7,10,9,31,34
image192.png,180,50,X,40,14,81,44
image192.png,180,50,Z,78,9,105,32
image192.png,180,50,9,116,9,141,34
image192.png,180,50,N,148,22,179,50
image193.png,180,50,4,11,12,35,42
image193.png,180,50,E,38,7,71,33
image193.png,180,50,2,78,8,101,35
image193.png,180,50,P,115,19,145,48
image193.png,180,50,4,145,13,178,43
image194.png,180,50,H,12,14,43,44
image194.png,180,50,K,43,16,77,47
image194.png,180,50,D,77,9,105,37
image194.png,180,50,X,111,13,141,40
image194.png,180,50,4,146,8,170,33
image195.png,180,50,3,9,13,35,43
image195.png,180,50,D,43,11,75,43
image195.png,180,50,8,78,12,108,38
image195.png,180,50,Y,110,8,149,36
image195.png,180,50,C,147,12,171,38
image196.png,180,50,K,12,6,36,30
image196.png,180,50,7,39,14,69,40
image196.png,180,50,3,74,8,106,39
image196.png,180,50,Z,113,6,140,34
image196.png,180,50,J,145,7,173,37
image197.png,180,50,6,9,12,33,38
image197.png,180,50,Y,39,8,67,35
image197.png,180,50,X,76,8,106,35
image197.png,180,50,Z,114,7,142,34
image197.png,180,50,R,147,8,173,32
image198.png,180,50,J,3,16,21,47
image198.png,180,50,6,40,15,64,41
image198.png,180,50,A,74,11,111,37
image198.png,180,50,9,113,13,144,42
image198.png,180,50,Q,148,13,180,45
image199.png,180,50,4,10,18,33,45
image199.png,180,50,Y,40,17,77,47
image199.png,180,50,6,78,6,100,30
image199.png,180,50,A,112,7,147,36
image199.png,180,50,Y,147,13,176,40
image200.png,180,50,N,11,6,38,37
image200.png,180,50,Q,44,14,78,46
image200.png,180,50,Z,77,13,109,41
image200.png,180,50,C,114,8,143,35
image200.png,180,50,7,146,8,172,39
image201.png,180,50,K,10,13,42,42
image201.png,180,50,8,42,19,68,50
image201.png,180,50,2,76,16,100,41
image201.png,180,50,R,114,7,139,32
image201.png,180,50,L,150,9,171,35
image202.png,180,50,4,8,14,38,44
image202.png,180,50,Z,42,15,70,45
image202.png,180,50,V,78,10,109,44
image202.png,180,50,R,111,14,141,45
image202.png,180,50,U,146,7,180,37
image203.png,180,50,6,11,13,39,42
image203.png,180,50,H,40,11,78,43
image203.png,180,50,2,77,9,103,36
image203.png,180,50,L,115,7,141,38
image203.png,180,50,L,145,12,172,41
image204.png,180,50,3,10,9,33,36
image204.png,180,50,Z,42,10,70,39
image204.png,180,50,3,80,8,105,34
image204.png,180,50,3,115,11,145,40
image204.png,180,50,3,147,14,168,40
image205.png,180,50,L,11,13,36,41
image205.png,180,50,R,40,11,76,40
image205.png,180,50,X,77,8,112,37
image205.png,180,50,3,113,9,136,38
image205.png,180,50,A,148,14,180,44
image206.png,180,50,7,9,11,35,42
image206.png,180,50,K,42,18,75,47
image206.png,180,50,R,78,8,110,39
image206.png,180,50,4,113,13,146,40
image206.png,180,50,H,148,13,177,38
image207.png,180,50,Q,9,7,39,39
image207.png,180,50,D,44,6,72,33
image207.png,180,50,L,79,10,104,32
image207.png,180,50,6,114,16,139,42
image207.png,180,50,Q,147,10,180,46
image208.png,180,50,R,10,7,34,34
image208.png,180,50,U,39,17,75,45
image208.png,180,50,R,79,13,108,41
image208.png,180,50,Y,112,11,141,36
image208.png,180,50,G,148,8,176,36
image209.png,180,50,C,10,13,40,40
image209.png,180,50,N,41,16,77,50
image209.png,180,50,L,77,10,108,39
image209.png,180,50,Z,113,18,148,47
image209.png,180,50,P,149,12,175,42
image210.png,180,50,V,8,10,36,38
image210.png,180,50,F,42,7,68,34
image210.png,180,50,G,74,10,116,36
image210.png,180,50,2,117,10,148,38
image210.png,180,50,X,147,12,174,41
image211.png,180,50,F,9,11,30,41
image211.png,180,50,8,44,10,73,38
image211.png,180,50,C,78,10,112,41
image211.png,180,50,3,112,8,134,35
image211.png,180,50,6,146,10,175,37
image212.png,180,50,C,11,11,39,37
image212.png,180,50,Q,40,7,69,35
image212.png,180,50,D,80,11,114,40
image212.png,180,50,H,114,12,143,36
image212.png,180,50,K,150,5,172,33
image213.png,180,50,D,11,8,36,41
image213.png,180,50,8,40,15,62,39
image213.png,180,50,H,75,8,114,35
image213.png,180,50,C,113,14,144,42
image213.png,180,50,D,150,9,180,37
image214.png,180,50,X,9,11,43,39
image214.png,180,50,Z,42,16,74,47
image214.png,180,50,D,77,7,108,35
image214.png,180,50,D,114,8,146,39
image214.png,180,50,K,148,14,180,44
image215.png,180,50,U,13,7,39,35
image215.png,180,50,G,43,15,78,44
image215.png,180,50,E,78,4,99,32
image215.png,180,50,T,111,9,147,38
image215.png,180,50,2,147,11,170,41
image216.png,180,50,E,9,13,36,45
image216.png,180,50,A,41,20,77,49
image216.png,180,50,9,77,10,102,38
image216.png,180,50,U,113,9,147,36
image216.png,180,50,9,148,12,170,39
image217.png,180,50,R,10,7,37,38
image217.png,180,50,G,42,12,78,41
image217.png,180,50,K,78,5,116,38
image217.png,180,50,3,115,8,142,40
image217.png,180,50,9,148,8,172,37
image218.png,180,50,C,11,8,40,36
image218.png,180,50,9,41,9,64,34
image218.png,180,50,F,78,10,104,41
image218.png,180,50,4,113,12,139,41
image218.png,180,50,G,147,9,180,41
image219.png,180,50,V,9,5,35,31
image219.png,180,50,3,40,11,64,40
image219.png,180,50,A,75,10,106,36
image219.png,180,50,6,112,18,138,48
image219.png,180,50,P,149,9,175,39
image220.png,180,50,F,12,12,32,43
image220.png,180,50,U,41,12,77,40
image220.png,180,50,6,78,8,103,36
image220.png,180,50,7,118,14,144,44
image220.png,180,50,V,149,14,180,40
image221.png,180,50,U,9,15,40,40
image221.png,180,50,2,40,6,67,36
image221.png,180,50,G,80,9,109,34
image221.png,180,50,E,113,10,145,38
image221.png,180,50,V,146,7,172,36
image222.png,180,50,E,9,9,36,40
image222.png,180,50,U,43,10,78,40
image222.png,180,50,C,78,16,107,43
image222.png,180,50,F,112,8,136,38
image222.png,180,50,4,148,17,174,42
image223.png,180,50,Y,11,8,39,37
image223.png,180,50,L,41,10,72,38
image223.png,180,50,7,77,11,106,40
image223.png,180,50,G,111,11,140,36
image223.png,180,50,C,148,8,176,35
image224.png,180,50,2,9,5,32,32
image224.png,180,50,8,39,7,66,34
image224.png,180,50,V,75,13,114,43
image224.png,180,50,H,113,5,146,33
image224.png,180,50,R,150,17,176,46
image225.png,180,50,K,9,17,43,46
image225.png,180,50,Z,43,16,73,45
image225.png,180,50,Q,78,10,114,43
image225.png,180,50,J,115,10,139,36
image225.png,180,50,Z,148,18,177,46
image226.png,180,50,Z,8,7,33,31
image226.png,180,50,7,41,7,73,38
image226.png,180,50,4,78,10,107,40
image226.png,180,50,T,111,9,146,37
image226.png,180,50,Z\,147,10,175,39
image227.png,180,50,X,8,10,35,39
image227.png,180,50,N,44,9,76,37
image227.png,180,50,6,78,9,105,36
image227.png,180,50,9,113,14,141,42
image227.png,180,50,F,147,11,167,35
image228.png,180,50,G,10,10,41,38
image228.png,180,50,G,41,7,73,35
image228.png,180,50,Z,79,13,107,44
image228.png,180,50,A,111,14,149,41
image228.png,180,50,N,146,9,180,38
image229.png,180,50,U,12,16,41,48
image229.png,180,50,N,41,12,70,39
image229.png,180,50,C,77,15,110,43
image229.png,180,50,H,115,10,146,40
image229.png,180,50,L,151,8,172,36
image230.png,180,50,R,9,9,38,39
image230.png,180,50,6,43,5,69,34
image230.png,180,50,D,80,17,110,46
image230.png,180,50,Y,110,12,139,37
image230.png,180,50,3,151,17,177,44
image231.png,180,50,T,8,9,36,38
image231.png,180,50,L,41,8,68,34
image231.png,180,50,H,76,11,104,35
image231.png,180,50,R,109,11,147,36
image231.png,180,50,U,148,10,176,35
image232.png,180,50,P,11,10,32,37
image232.png,180,50,4,39,15,64,41
image232.png,180,50,J,80,14,107,35
image232.png,180,50,8,114,17,139,44
image232.png,180,50,A,143,12,180,40
image233.png,180,50,9,13,11,39,41
image233.png,180,50,X,42,10,75,39
image233.png,180,50,E,78,8,111,38
image233.png,180,50,9,112,15,146,45
image233.png,180,50,H,149,7,172,31
image234.png,180,50,T,7,10,37,38
image234.png,180,50,P,42,14,69,45
image234.png,180,50,9,79,7,101,35
image234.png,180,50,A,113,10,151,40
image234.png,180,50,Q,152,16,180,45
image235.png,180,50,D,11,15,40,44
image235.png,180,50,G,40,5,70,31
image235.png,180,50,4,78,16,106,42
image235.png,180,50,C,115,8,148,34
image235.png,180,50,Y,147,20,179,48
image236.png,180,50,R,11,5,32,30
image236.png,180,50,P,42,10,71,37
image236.png,180,50,F,77,14,103,43
image236.png,180,50,J,108,13,134,39
image236.png,180,50,Y,145,13,176,41
image237.png,180,50,C,11,11,37,35
image237.png,180,50,G,42,11,75,38
image237.png,180,50,A,78,20,113,47
image237.png,180,50,K,111,12,154,44
image237.png,180,50,7,145,10,164,35
image238.png,180,50,V,8,10,38,35
image238.png,180,50,9,43,9,68,37
image238.png,180,50,6,80,15,110,42
image238.png,180,50,L,112,8,139,38
image238.png,180,50,E,150,7,173,37
image239.png,180,50,X,11,7,43,33
image239.png,180,50,U,41,15,76,39
image239.png,180,50,2,82,11,109,36
image239.png,180,50,Y,112,10,142,36
image239.png,180,50,2,147,11,174,35
image240.png,180,50,G,10,14,38,41
image240.png,180,50,L,40,9,67,36
image240.png,180,50,V,75,13,106,39
image240.png,180,50,Y,111,14,143,47
image240.png,180,50,9,146,14,176,41
image241.png,180,50,2,12,12,39,40
image241.png,180,50,E,44,13,69,46
image241.png,180,50,Q,78,9,112,48
image241.png,180,50,Z,113,6,144,37
image241.png,180,50,G,147,7,180,36
image242.png,180,50,K,9,6,41,37
image242.png,180,50,8,45,9,74,37
image242.png,180,50,K,79,14,108,45
image242.png,180,50,2,112,11,140,41
image242.png,180,50,P,149,4,172,31
image243.png,180,50,L,11,6,28,31
image243.png,180,50,P,42,10,71,40
image243.png,180,50,Q,76,12,106,38
image243.png,180,50,U,114,8,140,35
image243.png,180,50,G,148,10,176,39
image244.png,180,50,H,13,10,39,37
image244.png,180,50,7,39,13,64,38
image244.png,180,50,R,74,10,107,38
image244.png,180,50,A,112,12,149,44
image244.png,180,50,X,145,12,179,37
image245.png,180,50,7,11,15,35,43
image245.png,180,50,J,42,8,71,38
image245.png,180,50,C,80,12,111,41
image245.png,180,50,E,114,9,142,36
image245.png,180,50,J,145,10,170,37
image246.png,180,50,H,12,11,42,43
image246.png,180,50,Q,42,12,83,44
image246.png,180,50,V,76,8,109,31
image246.png,180,50,V,112,13,145,34
image246.png,180,50,R,147,8,170,32
image247.png,180,50,D,10,7,38,32
image247.png,180,50,7,43,13,70,44
image247.png,180,50,4,77,10,107,37
image247.png,180,50,L,113,9,148,37
image247.png,180,50,F,149,10,176,35
image248.png,180,50,K,11,21,43,50
image248.png,180,50,D,43,15,77,42
image248.png,180,50,H,79,10,114,43
image248.png,180,50,Q,116,10,151,47
image248.png,180,50,A,148,7,174,34
image249.png,180,50,J,10,12,30,38
image249.png,180,50,C,42,9,76,38
image249.png,180,50,P,79,17,112,45
image249.png,180,50,Z,111,11,144,38
image249.png,180,50,H,147,13,180,39
image250.png,180,50,2,13,15,37,45
image250.png,180,50,4,37,19,66,49
image250.png,180,50,Q,79,20,117,50
image250.png,180,50,A,113,20,150,50
image250.png,180,50,Y,147,18,180,46
image251.png,180,50,C,11,8,40,38
image251.png,180,50,T,38,15,77,41
image251.png,180,50,4,77,10,103,36
image251.png,180,50,Z,111,11,145,44
image251.png,180,50,E,149,13,174,42
image252.png,180,50,D,10,17,42,45
image252.png,180,50,U,40,13,79,41
image252.png,180,50,U,79,15,115,46
image252.png,180,50,G,113,11,151,40
image252.png,180,50,9,151,7,173,33
image253.png,180,50,Q,9,11,48,48
image253.png,180,50,3,40,13,71,38
image253.png,180,50,7,77,12,102,42
image253.png,180,50,Q,113,13,150,42
image253.png,180,50,9,148,10,170,37
image254.png,180,50,A,10,11,39,34
image254.png,180,50,U,43,7,72,32
image254.png,180,50,2,78,15,106,44
image254.png,180,50,Q,113,11,152,45
image254.png,180,50,G,152,16,180,42
image255.png,180,50,U,11,12,38,39
image255.png,180,50,L,40,17,68,47
image255.png,180,50,V,77,17,112,45
image255.png,180,50,R,113,16,149,41
image255.png,180,50,P,150,11,175,44
image256.png,180,50,E,10,9,37,44
image256.png,180,50,F,42,16,74,47
image256.png,180,50,Q,79,16,117,47
image256.png,180,50,T,115,18,146,46
image256.png,180,50,X,148,11,180,40
image257.png,180,50,T,10,12,42,42
image257.png,180,50,L,44,10,68,34
image257.png,180,50,3,77,18,100,45
image257.png,180,50,2,115,17,141,47
image257.png,180,50,X,145,6,177,36
image258.png,180,50,D,9,8,36,34
image258.png,180,50,E,38,8,77,35
image258.png,180,50,X,77,14,114,44
image258.png,180,50,3,113,17,142,47
image258.png,180,50,6,146,17,176,43
image259.png,180,50,9,9,8,31,33
image259.png,180,50,V,39,6,72,34
image259.png,180,50,Y,74,14,117,46
image259.png,180,50,H,116,11,149,41
image259.png,180,50,K,145,9,176,38
image260.png,180,50,N,10,14,39,45
image260.png,180,50,3,40,8,64,35
image260.png,180,50,A,76,12,112,39
image260.png,180,50,R,109,14,147,45
image260.png,180,50,K,147,11,180,42
image261.png,180,50,K,11,18,42,48
image261.png,180,50,K,43,10,81,38
image261.png,180,50,C,79,15,109,42
image261.png,180,50,8,114,10,140,35
image261.png,180,50,Z,146,6,172,35
image262.png,180,50,Y,9,11,37,44
image262.png,180,50,R,38,11,79,43
image262.png,180,50,P,78,8,105,32
image262.png,180,50,F,114,13,143,45
image262.png,180,50,Z,147,18,176,48
image263.png,180,50,H,9,14,41,41
image263.png,180,50,J,39,6,55,35
image263.png,180,50,J,77,9,104,39
image263.png,180,50,G,113,12,148,41
image263.png,180,50,8,148,9,170,39
image264.png,180,50,3,9,9,30,37
image264.png,180,50,C,39,14,72,41
image264.png,180,50,E,81,8,100,35
image264.png,180,50,H,115,13,149,40
image264.png,180,50,F,148,14,170,41
image265.png,180,50,L,10,11,35,38
image265.png,180,50,6,39,11,70,36
image265.png,180,50,9,79,17,104,43
image265.png,180,50,J,113,10,140,39
image265.png,180,50,N,144,9,177,39
image266.png,180,50,2,6,11,39,40
image266.png,180,50,C,42,7,71,33
image266.png,180,50,K,77,9,108,39
image266.png,180,50,R,114,20,148,50
image266.png,180,50,N,148,12,180,41
image267.png,180,50,K,7,10,37,36
image267.png,180,50,4,40,11,69,39
image267.png,180,50,F,73,12,100,41
image267.png,180,50,T,112,16,143,43
image267.png,180,50,V,144,7,177,36
image268.png,180,50,6,10,6,32,35
image268.png,180,50,X,40,8,70,38
image268.png,180,50,A,74,14,113,42
image268.png,180,50,U,115,7,153,41
image268.png,180,50,4,148,12,177,47
image269.png,180,50,N,8,11,36,40
image269.png,180,50,P,39,10,67,42
image269.png,180,50,6,77,6,105,37
image269.png,180,50,V,110,8,144,36
image269.png,180,50,C,146,16,173,44
image270.png,180,50,8,10,9,40,37
image270.png,180,50,G,41,9,77,38
image270.png,180,50,Z,77,6,108,39
image270.png,180,50,V,113,13,145,44
image270.png,180,50,J,148,7,177,34
image271.png,180,50,L,9,17,34,48
image271.png,180,50,P,45,4,70,32
image271.png,180,50,C,77,15,111,44
image271.png,180,50,6,112,13,145,42
image271.png,180,50,H,145,8,180,38
image272.png,180,50,7,10,12,32,39
image272.png,180,50,G,40,11,72,35
image272.png,180,50,7,77,15,110,46
image272.png,180,50,7,113,6,138,37
image272.png,180,50,Q,145,6,176,38
image273.png,180,50,Q,8,14,46,45
image273.png,180,50,9,43,9,67,32
image273.png,180,50,2,78,13,106,42
image273.png,180,50,7,110,9,141,39
image273.png,180,50,Y,144,15,173,46
image274.png,180,50,A,6,11,41,44
image274.png,180,50,3,43,16,73,45
image274.png,180,50,V,76,9,103,37
image274.png,180,50,8,110,14,143,43
image274.png,180,50,7,147,19,174,49
image275.png,180,50,U,8,9,40,36
image275.png,180,50,U,42,5,75,38
image275.png,180,50,Q,76,8,109,42
image275.png,180,50,9,113,15,138,41
image275.png,180,50,E,148,7,176,37
image276.png,180,50,E,10,11,38,43
image276.png,180,50,L,40,11,68,39
image276.png,180,50,K,74,11,111,39
image276.png,180,50,A,113,10,148,36
image276.png,180,50,L,147,15,176,43
image277.png,180,50,R,7,14,37,47
image277.png,180,50,T,37,11,65,37
image277.png,180,50,X,73,6,106,35
image277.png,180,50,H,113,18,146,49
image277.png,180,50,L,146,9,172,39
image278.png,180,50,P,9,7,39,35
image278.png,180,50,C,44,9,74,31
image278.png,180,50,Y,77,10,110,34
image278.png,180,50,Y,114,9,150,35
image278.png,180,50,3,150,4,171,36
image279.png,180,50,3,7,13,37,46
image279.png,180,50,H,42,8,78,38
image279.png,180,50,A,76,15,117,46
image279.png,180,50,8,115,12,148,40
image279.png,180,50,3,149,14,167,41
image280.png,180,50,Z,8,8,35,34
image280.png,180,50,Z,41,9,69,38
image280.png,180,50,C,76,14,112,42
image280.png,180,50,N,116,12,150,43
image280.png,180,50,H,150,14,178,44
image281.png,180,50,E,10,9,38,37
image281.png,180,50,7,41,9,70,37
image281.png,180,50,N,77,11,112,40
image281.png,180,50,V,110,13,151,43
image281.png,180,50,G,149,10,179,37
image282.png,180,50,Y,9,15,40,41
image282.png,180,50,Y,41,11,70,35
image282.png,180,50,H,75,10,107,38
image282.png,180,50,X,112,8,151,41
image282.png,180,50,P,151,9,174,33
image283.png,180,50,U,9,12,40,40
image283.png,180,50,F,43,11,68,36
image283.png,180,50,J,77,13,108,34
image283.png,180,50,D,114,9,145,37
image283.png,180,50,6,148,11,171,37
image284.png,180,50,9,10,10,35,37
image284.png,180,50,N,38,12,76,40
image284.png,180,50,V,77,9,110,37
image284.png,180,50,K,112,11,143,35
image284.png,180,50,6,150,16,173,46
image285.png,180,50,T,5,13,40,43
image285.png,180,50,F,43,9,69,39
image285.png,180,50,Q,78,8,110,36
image285.png,180,50,L,113,12,141,46
image285.png,180,50,D,147,12,172,35
image286.png,180,50,D,8,13,42,42
image286.png,180,50,8,43,14,70,44
image286.png,180,50,K,78,13,112,42
image286.png,180,50,N,112,9,148,40
image286.png,180,50,K,149,9,174,37
image287.png,180,50,Q,12,7,41,38
image287.png,180,50,F,41,11,70,36
image287.png,180,50,X,75,11,104,40
image287.png,180,50,V,113,10,149,39
image287.png,180,50,K,151,16,176,48
image288.png,180,50,A,9,10,37,36
image288.png,180,50,8,40,11,71,40
image288.png,180,50,R,76,11,110,41
image288.png,180,50,X,113,9,150,36
image288.png,180,50,T,150,20,178,46
image289.png,180,50,U,6,10,41,38
image289.png,180,50,Z,40,14,68,43
image289.png,180,50,L,75,9,107,34
image289.png,180,50,Y,111,11,145,41
image289.png,180,50,2,148,11,175,38
image290.png,180,50,E,12,6,39,35
image290.png,180,50,T,40,7,72,40
image290.png,180,50,G,76,9,112,41
image290.png,180,50,Z,113,15,143,44
image290.png,180,50,9,147,15,170,42
image292.png,180,50,D,8,13,40,41
image292.png,180,50,R,42,12,71,40
image292.png,180,50,P,77,17,106,45
image292.png,180,50,9,116,17,143,45
image292.png,180,50,F,151,12,177,40
image293.png,180,50,X,7,11,38,41
image293.png,180,50,J,40,13,69,40
image293.png,180,50,J,76,12,109,42
image293.png,180,50,A,110,13,152,37
image293.png,180,50,N,152,12,177,37
image294.png,180,50,T,7,6,36,37
image294.png,180,50,3,43,11,68,41
image294.png,180,50,K,76,13,121,46
image294.png,180,50,Q,112,13,161,48
image294.png,180,50,4,150,13,176,43
image295.png,180,50,8,10,11,33,37
image295.png,180,50,9,41,9,69,33
image295.png,180,50,X,73,10,112,45
image295.png,180,50,Y,112,14,147,43
image295.png,180,50,4,147,14,174,42
image296.png,180,50,R,8,15,44,46
image296.png,180,50,2,42,8,69,35
image296.png,180,50,R,77,11,107,35
image296.png,180,50,Z,112,17,144,48
image296.png,180,50,C,145,9,176,41
image297.png,180,50,N,11,13,43,45
image297.png,180,50,H,42,10,71,38
image297.png,180,50,T,79,9,105,37
image297.png,180,50,F,112,8,139,37
image297.png,180,50,R,148,11,176,38
image298.png,180,50,3,8,10,35,38
image298.png,180,50,P,38,13,70,41
image298.png,180,50,6,76,6,104,35
image298.png,180,50,P,114,10,143,40
image298.png,180,50,R,147,17,179,49
image299.png,180,50,L,12,5,35,31
image299.png,180,50,H,40,6,74,37
image299.png,180,50,Z,77,6,104,36
image299.png,180,50,P,113,13,144,43
image299.png,180,50,Z,146,11,178,40
image300.png,180,50,7,13,16,38,46
image300.png,180,50,A,40,13,78,43
image300.png,180,50,U,77,14,115,41
image300.png,180,50,Q,116,11,151,41
image300.png,180,50,8,151,15,171,45
image301.png,180,50,J,6,15,26,46
image301.png,180,50,G,41,7,74,38
image301.png,180,50,7,77,14,105,44
image301.png,180,50,Z,113,17,147,47
image301.png,180,50,7,147,9,171,35
image302.png,180,50,G,10,11,39,41
image302.png,180,50,Y,40,11,78,42
image302.png,180,50,8,78,11,108,40
image302.png,180,50,F,113,8,140,38
image302.png,180,50,L,146,8,178,39
image303.png,180,50,2,10,12,37,40
image303.png,180,50,R,40,7,75,37
image303.png,180,50,3,77,12,109,40
image303.png,180,50,F,113,10,142,41
image303.png,180,50,U,146,8,175,35
image304.png,180,50,K,8,9,42,39
image304.png,180,50,J,41,8,66,39
image304.png,180,50,X,75,7,106,32
image304.png,180,50,G,113,14,150,43
image304.png,180,50,3,149,14,168,43
image305.png,180,50,L,10,14,37,43
image305.png,180,50,2,44,11,76,41
image305.png,180,50,3,75,10,101,34
image305.png,180,50,A,110,7,144,33
image305.png,180,50,U,148,6,174,36
image306.png,180,50,7,6,12,35,44
image306.png,180,50,U,43,9,73,36
image306.png,180,50,X,77,13,112,44
image306.png,180,50,C,114,13,149,40
image306.png,180,50,3,148,10,171,36
image307.png,180,50,Q,6,8,36,37
image307.png,180,50,L,40,8,71,43
image307.png,180,50,R,79,16,115,46
image307.png,180,50,D,114,10,151,37
image307.png,180,50,A,145,9,180,37
image308.png,180,50,A,9,10,35,38
image308.png,180,50,F,40,15,65,43
image308.png,180,50,L,79,21,109,50
image308.png,180,50,E,112,8,142,38
image308.png,180,50,H,149,5,174,32
image309.png,180,50,7,9,14,35,40
image309.png,180,50,X,36,10,77,41
image309.png,180,50,N,79,19,111,49
image309.png,180,50,U,111,9,142,32
image309.png,180,50,Y,147,9,180,40
image310.png,180,50,8,8,19,35,50
image310.png,180,50,E,44,11,74,42
image310.png,180,50,T,76,9,107,40
image310.png,180,50,N,112,11,147,41
image310.png,180,50,P,147,14,173,42
image311.png,180,50,R,8,8,38,42
image311.png,180,50,7,41,9,70,36
image311.png,180,50,N,76,9,109,35
image311.png,180,50,P,112,8,145,35
image311.png,180,50,X,144,10,179,39
image312.png,180,50,C,9,13,41,43
image312.png,180,50,Z,40,11,74,40
image312.png,180,50,H,78,5,107,31
image312.png,180,50,Q,114,12,152,45
image312.png,180,50,6,148,10,169,36
image313.png,180,50,V,7,12,41,44
image313.png,180,50,R,41,13,78,43
image313.png,180,50,D,76,9,111,38
image313.png,180,50,R,114,6,142,34
image313.png,180,50,D,149,9,175,37
image314.png,180,50,T,6,10,37,40
image314.png,180,50,9,39,12,70,41
image314.png,180,50,E,77,12,110,38
image314.png,180,50,8,113,13,136,38
image314.png,180,50,T,148,10,180,40
image315.png,180,50,U,8,6,39,36
image315.png,180,50,R,42,11,76,41
image315.png,180,50,J,75,11,101,42
image315.png,180,50,2,111,9,135,35
image315.png,180,50,K,146,11,174,35
image316.png,180,50,Q,10,15,44,45
image316.png,180,50,9,42,15,76,42
image316.png,180,50,K,80,8,116,41
image316.png,180,50,G,118,18,151,48
image316.png,180,50,2,150,18,171,42
image317.png,180,50,A,10,18,39,47
image317.png,180,50,2,43,11,76,41
image317.png,180,50,F,78,8,109,36
image317.png,180,50,H,118,12,149,45
image317.png,180,50,9,148,12,168,40
image318.png,180,50,P,8,10,34,39
image318.png,180,50,8,40,12,72,39
image318.png,180,50,T,74,6,108,39
image318.png,180,50,Q,112,9,145,40
image318.png,180,50,9,149,11,176,42
image319.png,180,50,9,10,15,37,46
image319.png,180,50,2,40,8,64,34
image319.png,180,50,N,77,4,106,33
image319.png,180,50,R,116,8,146,37
image319.png,180,50,G,149,10,180,38
image320.png,180,50,6,9,2,35,29
image320.png,180,50,H,43,7,81,38
image320.png,180,50,P,79,7,106,35
image320.png,180,50,8,110,12,136,41
image320.png,180,50,X,144,17,180,45
image321.png,180,50,J,9,14,30,40
image321.png,180,50,P,43,10,75,45
image321.png,180,50,2,78,14,105,43
image321.png,180,50,F,113,20,145,50
image321.png,180,50,V,142,14,180,40
image322.png,180,50,4,6,12,34,38
image322.png,180,50,G,40,13,78,45
image322.png,180,50,V,77,15,114,49
image322.png,180,50,G,116,13,147,42
image322.png,180,50,4,147,11,176,41
image323.png,180,50,Z,9,9,39,43
image323.png,180,50,Y,39,10,73,41
image323.png,180,50,X,77,18,110,47
image323.png,180,50,X,112,9,149,43
image323.png,180,50,J,148,11,167,36
image324.png,180,50,2,10,11,39,41
image324.png,180,50,G,42,12,77,40
image324.png,180,50,3,77,7,102,37
image324.png,180,50,Q,113,11,144,44
image324.png,180,50,C,149,13,180,40
image325.png,180,50,K,10,10,43,38
image325.png,180,50,9,44,11,68,39
image325.png,180,50,X,76,6,111,37
image325.png,180,50,R,114,11,146,38
image325.png,180,50,J,146,15,178,43
image326.png,180,50,H,10,17,43,47
image326.png,180,50,Q,44,12,80,48
image326.png,180,50,Y,77,7,107,32
image326.png,180,50,8,114,20,142,46
image326.png,180,50,Z,147,14,177,43
image327.png,180,50,V,7,8,35,34
image327.png,180,50,X,40,8,79,35
image327.png,180,50,A,77,15,115,44
image327.png,180,50,G,115,12,146,44
image327.png,180,50,Z,149,11,178,37
image328.png,180,50,T,6,9,32,40
image328.png,180,50,F,44,4,70,33
image328.png,180,50,C,77,12,110,40
image328.png,180,50,X,112,9,149,43
image328.png,180,50,F,148,8,178,37
image329.png,180,50,8,13,14,38,42
image329.png,180,50,L,40,10,75,36
image329.png,180,50,N,75,7,115,36
image329.png,180,50,6,113,15,136,40
image329.png,180,50,F,148,10,171,36
image330.png,180,50,R,9,10,39,40
image330.png,180,50,E,42,11,72,39
image330.png,180,50,H,77,10,111,43
image330.png,180,50,7,112,9,140,39
image330.png,180,50,L,146,12,175,43
image331.png,180,50,N,10,8,39,37
image331.png,180,50,V,39,12,77,39
image331.png,180,50,J,75,12,98,40
image331.png,180,50,L,115,11,143,39
image331.png,180,50,3,149,15,173,46
image332.png,180,50,3,6,10,29,34
image332.png,180,50,3,40,6,66,37
image332.png,180,50,V,74,8,108,37
image332.png,180,50,U,111,9,142,40
image332.png,180,50,3,149,15,174,44
image333.png,180,50,L,11,9,34,38
image333.png,180,50,V,38,15,74,42
image333.png,180,50,Q,79,10,112,43
image333.png,180,50,V,110,7,143,41
image333.png,180,50,A,148,9,175,37
image334.png,180,50,H,10,13,44,45
image334.png,180,50,D,43,7,71,33
image334.png,180,50,R,79,10,109,40
image334.png,180,50,C,112,13,145,43
image334.png,180,50,Q,148,10,180,47
image335.png,180,50,X,7,14,38,45
image335.png,180,50,J,41,6,64,37
image335.png,180,50,4,76,17,106,46
image335.png,180,50,J,112,16,144,44
image335.png,180,50,Q,146,12,174,42
image336.png,180,50,U,7,9,36,35
image336.png,180,50,2,41,13,66,38
image336.png,180,50,6,76,21,106,48
image336.png,180,50,Z,112,7,148,36
image336.png,180,50,7,148,14,170,42
image337.png,180,50,U,5,11,46,42
image337.png,180,50,J,42,12,67,41
image337.png,180,50,A,76,10,112,40
image337.png,180,50,U,115,8,145,38
image337.png,180,50,Y,147,5,174,32
image338.png,180,50,E,12,5,37,34
image338.png,180,50,C,42,9,77,38
image338.png,180,50,6,78,11,103,37
image338.png,180,50,U,114,11,148,41
image338.png,180,50,7,150,14,173,42
image339.png,180,50,Y,6,19,40,50
image339.png,180,50,4,40,16,67,43
image339.png,180,50,Z,75,6,105,30
image339.png,180,50,V,111,15,149,41
image339.png,180,50,E,148,20,178,50
image340.png,180,50,H,11,8,38,39
image340.png,180,50,X,39,8,73,38
image340.png,180,50,U,77,7,108,37
image340.png,180,50,X,111,8,144,40
image340.png,180,50,K,148,9,175,42
image341.png,180,50,A,11,12,41,44
image341.png,180,50,R,43,7,68,34
image341.png,180,50,D,78,13,112,46
image341.png,180,50,K,115,11,150,40
image341.png,180,50,T,148,11,171,37
image342.png,180,50,T,7,9,37,37
image342.png,180,50,K,39,15,70,45
image342.png,180,50,8,78,23,104,49
image342.png,180,50,L,110,11,143,38
image342.png,180,50,2,147,14,174,37
image343.png,180,50,D,9,11,37,39
image343.png,180,50,D,41,10,76,39
image343.png,180,50,3,79,13,110,41
image343.png,180,50,L,112,10,144,41
image343.png,180,50,9,148,3,171,32
image344.png,180,50,X,10,9,41,41
image344.png,180,50,7,42,8,69,37
image344.png,180,50,X,77,7,116,38
image344.png,180,50,N,112,12,150,45
image344.png,180,50,G,149,17,177,46
image345.png,180,50,G,8,12,46,45
image345.png,180,50,Y,41,6,77,35
image345.png,180,50,R,77,9,111,43
image345.png,180,50,P,113,18,146,50
image345.png,180,50,P,148,17,177,48
image346.png,180,50,2,10,14,35,42
image346.png,180,50,Q,39,14,77,47
image346.png,180,50,L,76,11,106,35
image346.png,180,50,Q,116,10,145,36
image346.png,180,50,X,147,8,178,38
image347.png,180,50,3,9,10,37,35
image347.png,180,50,9,42,8,70,36
image347.png,180,50,T,76,7,103,36
image347.png,180,50,J,110,11,140,41
image347.png,180,50,P,147,10,177,39
image348.png,180,50,L,10,10,33,35
image348.png,180,50,2,41,9,66,39
image348.png,180,50,N,75,12,113,44
image348.png,180,50,K,113,8,153,38
image348.png,180,50,X,149,5,177,33
image349.png,180,50,D,12,17,42,47
image349.png,180,50,X,40,9,72,32
image349.png,180,50,7,78,9,110,40
image349.png,180,50,8,116,8,139,33
image349.png,180,50,4,143,12,177,48
image350.png,180,50,X,8,14,36,42
image350.png,180,50,P,41,9,71,40
image350.png,180,50,2,75,15,106,38
image350.png,180,50,9,112,15,143,42
image350.png,180,50,C,149,13,175,42
image351.png,180,50,G,8,12,40,42
image351.png,180,50,H,41,9,71,35
image351.png,180,50,V,75,11,109,40
image351.png,180,50,A,113,8,147,37
image351.png,180,50,J,149,10,175,32
image352.png,180,50,2,11,12,39,41
image352.png,180,50,A,41,16,74,41
image352.png,180,50,Q,78,10,110,39
image352.png,180,50,C,114,9,144,38
image352.png,180,50,R,147,8,170,34
image353.png,180,50,Y,8,8,39,35
image353.png,180,50,R,39,11,72,37
image353.png,180,50,R,78,10,110,33
image353.png,180,50,R,112,8,137,35
image353.png,180,50,8,147,13,174,40
image354.png,180,50,Z,9,9,38,37
image354.png,180,50,A,40,9,71,32
image354.png,180,50,X,76,9,107,36
image354.png,180,50,K,112,12,147,40
image354.png,180,50,Z,145,16,179,50
image355.png,180,50,V,8,13,45,44
image355.png,180,50,R,45,16,70,43
image355.png,180,50,Y,75,9,105,39
image355.png,180,50,2,111,16,147,45
image355.png,180,50,F,149,17,176,47
image356.png,180,50,A,8,7,36,33
image356.png,180,50,Y,37,8,71,39
image356.png,180,50,A,76,10,113,40
image356.png,180,50,A,113,7,149,36
image356.png,180,50,F,151,7,168,34
image357.png,180,50,U,8,8,45,36
image357.png,180,50,Q,41,11,80,49
image357.png,180,50,6,79,12,108,38
image357.png,180,50,A,111,9,144,38
image357.png,180,50,N,148,11,176,39
image358.png,180,50,E,10,5,34,34
image358.png,180,50,J,37,14,59,48
image358.png,180,50,Z,76,10,111,43
image358.png,180,50,C,115,6,146,36
image358.png,180,50,V,145,9,180,39
image359.png,180,50,Y,7,16,37,46
image359.png,180,50,C,41,12,74,40
image359.png,180,50,U,76,10,105,35
image359.png,180,50,D,111,11,149,41
image359.png,180,50,4,150,4,175,32
image360.png,180,50,H,10,18,42,50
image360.png,180,50,4,42,14,70,42
image360.png,180,50,P,75,13,106,43
image360.png,180,50,E,114,11,146,41
image360.png,180,50,A,150,17,177,44
image361.png,180,50,3,6,14,33,40
image361.png,180,50,X,38,8,77,38
image361.png,180,50,J,77,10,108,40
image361.png,180,50,F,115,14,139,46
image361.png,180,50,H,146,22,177,49
image362.png,180,50,L,10,14,35,43
image362.png,180,50,P,40,8,70,39
image362.png,180,50,E,79,11,106,45
image362.png,180,50,G,112,9,145,35
image362.png,180,50,Q,151,9,180,40
image363.png,180,50,7,9,6,36,39
image363.png,180,50,G,40,10,70,38
image363.png,180,50,9,78,9,107,39
image363.png,180,50,H,115,10,145,40
image363.png,180,50,Y,147,12,178,43
image364.png,180,50,J,7,12,35,42
image364.png,180,50,N,38,9,74,40
image364.png,180,50,K,79,19,113,49
image364.png,180,50,Q,114,8,147,36
image364.png,180,50,Y,146,9,174,36
image365.png,180,50,4,9,8,36,38
image365.png,180,50,G,40,15,78,47
image365.png,180,50,F,80,12,110,44
image365.png,180,50,R,113,11,145,44
image365.png,180,50,7,147,10,176,42
image366.png,180,50,N,7,14,42,47
image366.png,180,50,9,43,13,70,42
image366.png,180,50,A,73,10,112,44
image366.png,180,50,T,113,8,143,37
image366.png,180,50,E,146,6,176,37
image367.png,180,50,8,10,8,35,37
image367.png,180,50,2,41,9,72,38
image367.png,180,50,6,77,9,101,36
image367.png,180,50,T,114,9,147,40
image367.png,180,50,L,149,16,176,44
image368.png,180,50,L,9,8,41,35
image368.png,180,50,9,41,16,65,39
image368.png,180,50,G,77,14,111,46
image368.png,180,50,3,112,10,138,34
image368.png,180,50,L,146,11,170,43
image369.png,180,50,D,9,19,42,50
image369.png,180,50,6,41,11,70,36
image369.png,180,50,Z,76,14,107,39
image369.png,180,50,P,114,11,138,35
image369.png,180,50,U,148,9,180,38
image370.png,180,50,9,10,12,35,38
image370.png,180,50,L,40,10,76,36
image370.png,180,50,2,77,14,106,44
image370.png,180,50,6,111,8,139,37
image370.png,180,50,9,149,15,175,45
image371.png,180,50,N,9,10,41,43
image371.png,180,50,T,41,10,74,40
image371.png,180,50,D,78,8,115,36
image371.png,180,50,E,116,13,140,44
image371.png,180,50,9,146,13,168,41
image372.png,180,50,8,10,12,33,37
image372.png,180,50,K,40,14,79,44
image372.png,180,50,8,79,12,109,39
image372.png,180,50,E,116,8,141,34
image372.png,180,50,G,147,12,178,44
image373.png,180,50,6,11,8,35,37
image373.png,180,50,3,40,12,74,41
image373.png,180,50,9,77,8,102,35
image373.png,180,50,V,109,15,150,40
image373.png,180,50,X,146,7,174,32
image374.png,180,50,H,11,13,44,42
image374.png,180,50,A,42,12,70,36
image374.png,180,50,L,77,15,105,44
image374.png,180,50,4,114,16,142,41
image374.png,180,50,X,146,12,176,43
image375.png,180,50,3,10,16,33,45
image375.png,180,50,3,40,15,73,42
image375.png,180,50,G,77,10,109,40
image375.png,180,50,6,114,19,142,47
image375.png,180,50,6,148,19,173,50
image376.png,180,50,Z,10,10,35,35
image376.png,180,50,J,43,9,72,32
image376.png,180,50,H,79,11,109,41
image376.png,180,50,K,113,5,143,38
image376.png,180,50,K,150,14,180,43
image377.png,180,50,2,12,5,34,36
image377.png,180,50,2,41,14,71,35
image377.png,180,50,N,80,9,114,42
image377.png,180,50,E,116,4,143,35
image377.png,180,50,D,145,8,175,36
image378.png,180,50,K,11,15,38,48
image378.png,180,50,U,44,6,73,35
image378.png,180,50,H,78,9,117,41
image378.png,180,50,F,115,9,136,36
image378.png,180,50,K,147,10,174,38
image379.png,180,50,4,6,18,35,47
image379.png,180,50,L,38,11,70,37
image379.png,180,50,D,73,11,108,38
image379.png,180,50,G,110,8,140,32
image379.png,180,50,T,145,11,174,42
image380.png,180,50,N,10,8,39,38
image380.png,180,50,E,39,14,74,45
image380.png,180,50,8,77,11,101,33
image380.png,180,50,G,113,15,151,41
image380.png,180,50,Z,151,7,175,36
image381.png,180,50,K,8,15,40,43
image381.png,180,50,Z,39,7,70,34
image381.png,180,50,9,78,7,103,33
image381.png,180,50,Y,114,6,143,34
image381.png,180,50,F,151,12,172,44
image382.png,180,50,L,9,12,35,38
image382.png,180,50,E,41,8,76,35
image382.png,180,50,E,77,7,104,37
image382.png,180,50,R,112,11,152,43
image382.png,180,50,8,147,11,172,35
image383.png,180,50,7,9,11,38,45
image383.png,180,50,7,39,5,64,31
image383.png,180,50,9,72,14,101,39
image383.png,180,50,R,111,10,147,39
image383.png,180,50,F,146,7,174,37
image384.png,180,50,4,9,8,35,38
image384.png,180,50,N,38,7,78,38
image384.png,180,50,A,79,15,111,41
image384.png,180,50,9,117,9,143,34
image384.png,180,50,V,145,8,177,37
image385.png,180,50,G,8,10,35,37
image385.png,180,50,V,39,14,77,41
image385.png,180,50,L,77,12,110,39
image385.png,180,50,G,112,17,150,44
image385.png,180,50,V,147,15,180,43
image386.png,180,50,2,9,10,32,33
image386.png,180,50,N,40,12,80,42
image386.png,180,50,G,81,8,113,34
image386.png,180,50,H,114,10,147,38
image386.png,180,50,4,147,11,177,42
image387.png,180,50,K,9,9,44,40
image387.png,180,50,F,43,16,70,45
image387.png,180,50,C,80,6,109,32
image387.png,180,50,J,113,9,140,38
image387.png,180,50,C,148,8,173,34
image388.png,180,50,6,11,1,35,32
image388.png,180,50,9,42,2,68,31
image388.png,180,50,7,75,15,100,42
image388.png,180,50,J,111,10,140,41
image388.png,180,50,J,146,8,165,34
image389.png,180,50,P,9,14,32,41
image389.png,180,50,2,40,14,69,38
image389.png,180,50,2,77,16,111,41
image389.png,180,50,K,114,9,147,41
image389.png,180,50,R,146,10,172,37
image390.png,180,50,9,11,20,36,48
image390.png,180,50,T,43,6,68,33
image390.png,180,50,V,74,14,108,42
image390.png,180,50,L,115,7,141,37
image390.png,180,50,Z,145,9,178,41
image391.png,180,50,L,9,13,34,41
image391.png,180,50,2,42,17,69,42
image391.png,180,50,8,78,17,108,47
image391.png,180,50,U,115,18,149,47
image391.png,180,50,Y,148,6,176,35
image392.png,180,50,7,7,10,30,39
image392.png,180,50,T,37,17,73,48
image392.png,180,50,3,76,23,104,47
image392.png,180,50,V,113,7,144,35
image392.png,180,50,7,147,13,169,41
image393.png,180,50,4,8,9,36,37
image393.png,180,50,A,42,14,78,41
image393.png,180,50,4,75,9,107,38
image393.png,180,50,C,115,13,145,41
image393.png,180,50,L,148,15,171,44
image394.png,180,50,6,7,15,39,42
image394.png,180,50,R,38,8,75,39
image394.png,180,50,9,78,14,104,41
image394.png,180,50,6,113,10,139,34
image394.png,180,50,E,148,9,173,39
image395.png,180,50,P,9,13,35,42
image395.png,180,50,K,39,14,74,42
image395.png,180,50,4,76,15,113,44
image395.png,180,50,7,114,13,143,44
image395.png,180,50,L,146,12,172,42
image396.png,180,50,E,10,12,38,48
image396.png,180,50,Y,40,15,73,41
image396.png,180,50,G,76,10,110,36
image396.png,180,50,2,113,10,140,34
image396.png,180,50,3,144,9,170,35
image397.png,180,50,T,7,8,32,34
image397.png,180,50,6,41,19,68,49
image397.png,180,50,T,74,9,109,35
image397.png,180,50,9,112,14,145,43
image397.png,180,50,3,147,15,174,42
image398.png,180,50,D,7,11,43,37
image398.png,180,50,Y,41,5,70,32
image398.png,180,50,N,75,11,109,39
image398.png,180,50,A,111,10,144,38
image398.png,180,50,A,146,14,178,43
image399.png,180,50,X,7,8,34,35
image399.png,180,50,Q,40,11,72,40
image399.png,180,50,H,78,13,111,43
image399.png,180,50,C,112,11,146,41
image399.png,180,50,H,148,10,174,36
image400.png,180,50,G,9,12,39,43
image400.png,180,50,J,39,10,55,34
image400.png,180,50,D,76,11,107,35
image400.png,180,50,D,114,11,150,38
image400.png,180,50,Q,150,11,176,35
image401.png,180,50,2,10,10,36,40
image401.png,180,50,C,41,13,73,42
image401.png,180,50,8,78,10,104,37
image401.png,180,50,D,114,17,147,45
image401.png,180,50,Y,144,10,171,35
image402.png,180,50,E,10,11,33,38
image402.png,180,50,H,42,20,74,50
image402.png,180,50,K,76,9,106,36
image402.png,180,50,L,114,15,141,46
image402.png,180,50,X,144,20,180,48
image403.png,180,50,Y,9,9,39,37
image403.png,180,50,A,40,6,70,35
image403.png,180,50,F,74,11,102,40
image403.png,180,50,N,113,11,150,41
image403.png,180,50,6,149,8,172,36
image404.png,180,50,D,11,10,39,39
image404.png,180,50,H,42,9,77,37
image404.png,180,50,R,77,10,107,38
image404.png,180,50,V,110,8,142,36
image404.png,180,50,6,148,10,171,36
image405.png,180,50,X,8,17,43,42
image405.png,180,50,A,43,11,75,39
image405.png,180,50,L,75,13,105,39
image405.png,180,50,X,110,7,144,33
image405.png,180,50,D,150,7,174,36
image406.png,180,50,G,9,9,36,34
image406.png,180,50,3,40,10,68,37
image406.png,180,50,G,77,13,111,44
image406.png,180,50,Y,111,12,145,43
image406.png,180,50,K,149,13,180,40
image407.png,180,50,D,11,7,36,33
image407.png,180,50,J,38,14,57,45
image407.png,180,50,H,76,11,105,34
image407.png,180,50,E,113,12,138,45
image407.png,180,50,2,150,1,170,31
image408.png,180,50,X,8,11,33,39
image408.png,180,50,D,43,7,74,37
image408.png,180,50,D,79,11,110,37
image408.png,180,50,F,112,7,146,36
image408.png,180,50,9,150,15,173,44
image409.png,180,50,C,11,17,38,41
image409.png,180,50,J,42,10,68,38
image409.png,180,50,P,78,8,99,34
image409.png,180,50,N,113,7,142,36
image409.png,180,50,9,146,11,167,40
image410.png,180,50,V,8,18,40,49
image410.png,180,50,C,41,8,70,38
image410.png,180,50,J,74,15,95,46
image410.png,180,50,P,110,9,138,35
image410.png,180,50,G,147,11,180,39
image411.png,180,50,9,7,13,28,40
image411.png,180,50,H,41,8,71,37
image411.png,180,50,V,76,12,106,38
image411.png,180,50,X,113,14,146,44
image411.png,180,50,F,148,7,168,34
image412.png,180,50,T,8,9,35,39
image412.png,180,50,C,40,9,67,33
image412.png,180,50,Q,77,14,124,49
image412.png,180,50,Y,114,8,145,35
image412.png,180,50,N,151,15,180,45
image413.png,180,50,Q,10,9,42,39
image413.png,180,50,T,40,9,67,37
image413.png,180,50,R,78,13,110,42
image413.png,180,50,E,113,10,148,41
image413.png,180,50,4,146,6,169,36
image414.png,180,50,A,12,12,43,41
image414.png,180,50,K,41,8,70,32
image414.png,180,50,L,76,9,104,35
image414.png,180,50,F,114,11,135,36
image414.png,180,50,C,148,13,180,40
image415.png,180,50,N,9,14,43,46
image415.png,180,50,R,44,8,76,40
image415.png,180,50,Y,77,8,109,35
image415.png,180,50,N,110,9,142,35
image415.png,180,50,C,149,6,177,34
image416.png,180,50,8,12,12,32,33
image416.png,180,50,K,40,13,67,43
image416.png,180,50,T,76,10,101,33
image416.png,180,50,P,114,13,146,42
image416.png,180,50,J,147,10,168,37
image417.png,180,50,R,11,8,30,33
image417.png,180,50,D,39,7,69,33
image417.png,180,50,N,75,15,115,45
image417.png,180,50,Q,116,9,153,48
image417.png,180,50,R,152,10,179,41
image418.png,180,50,C,11,9,35,34
image418.png,180,50,6,42,11,68,39
image418.png,180,50,H,77,13,115,43
image418.png,180,50,R,116,11,144,40
image418.png,180,50,Z,146,8,175,39
image419.png,180,50,Q,9,18,41,49
image419.png,180,50,D,40,12,75,37
image419.png,180,50,U,78,10,110,39
image419.png,180,50,Z,111,9,146,35
image419.png,180,50,Z,149,8,174,32
image420.png,180,50,A,8,10,38,40
image420.png,180,50,6,42,8,71,35
image420.png,180,50,P,77,9,103,32
image420.png,180,50,2,111,14,138,42
image420.png,180,50,7,148,9,171,35
image421.png,180,50,U,10,11,39,40
image421.png,180,50,X,40,16,70,46
image421.png,180,50,J,75,9,101,37
image421.png,180,50,3,113,6,137,35
image421.png,180,50,E,147,7,177,37
image422.png,180,50,E,10,16,34,44
image422.png,180,50,Q,38,6,71,38
image422.png,180,50,E,77,10,108,39
image422.png,180,50,4,109,17,140,46
image422.png,180,50,L,147,7,171,34
image423.png,180,50,R,11,7,36,35
image423.png,180,50,X,38,12,74,39
image423.png,180,50,Q,77,12,114,45
image423.png,180,50,C,115,6,141,34
image423.png,180,50,L,147,16,172,42
image424.png,180,50,C,10,10,37,37
image424.png,180,50,P,39,12,69,39
image424.png,180,50,K,78,12,116,42
image424.png,180,50,D,115,10,150,36
image424.png,180,50,U,149,10,177,38
image425.png,180,50,V,8,14,42,44
image425.png,180,50,H,43,8,76,38
image425.png,180,50,F,78,11,101,42
image425.png,180,50,E,115,6,136,33
image425.png,180,50,3,147,9,173,38
image426.png,180,50,T,8,13,38,43
image426.png,180,50,Z,40,12,71,42
image426.png,180,50,G,76,19,113,46
image426.png,180,50,U,113,7,144,37
image426.png,180,50,H,150,7,176,34
image427.png,180,50,D,10,10,36,33
image427.png,180,50,R,39,7,73,39
image427.png,180,50,C,80,11,112,43
image427.png,180,50,V,112,14,145,44
image427.png,180,50,Q,149,11,173,45
image428.png,180,50,D,9,9,42,35
image428.png,180,50,9,42,13,70,42
image428.png,180,50,G,77,10,112,40
image428.png,180,50,P,116,11,144,40
image428.png,180,50,H,149,15,180,43
image429.png,180,50,X,10,13,38,45
image429.png,180,50,3,40,13,67,41
image429.png,180,50,C,79,5,107,31
image429.png,180,50,P,116,7,141,36
image429.png,180,50,Q,146,8,172,39
image430.png,180,50,U,9,17,39,46
image430.png,180,50,J,40,7,64,38
image430.png,180,50,D,74,7,105,35
image430.png,180,50,7,115,8,141,34
image430.png,180,50,7,146,14,169,42
image431.png,180,50,E,10,8,39,39
image431.png,180,50,C,41,14,77,40
image431.png,180,50,8,77,8,100,35
image431.png,180,50,7,112,15,144,45
image431.png,180,50,E,145,8,173,39
image432.png,180,50,Y,9,14,40,40
image432.png,180,50,6,41,6,66,36
image432.png,180,50,3,76,8,99,34
image432.png,180,50,8,114,11,140,37
image432.png,180,50,K,151,11,180,40
image433.png,180,50,Z,8,11,34,39
image433.png,180,50,L,40,13,70,43
image433.png,180,50,9,77,14,107,42
image433.png,180,50,2,114,15,140,46
image433.png,180,50,D,151,16,180,48
image434.png,180,50,J,8,9,31,40
image434.png,180,50,E,43,16,69,46
image434.png,180,50,4,74,13,107,41
image434.png,180,50,3,115,3,141,33
image434.png,180,50,3,147,6,175,36
image435.png,180,50,F,9,5,32,34
image435.png,180,50,V,39,7,76,38
image435.png,180,50,6,79,10,108,42
image435.png,180,50,H,113,13,148,40
image435.png,180,50,2,148,15,172,44
image436.png,180,50,Z,8,15,40,45
image436.png,180,50,P,41,16,71,42
image436.png,180,50,Z,78,8,105,35
image436.png,180,50,J,109,15,131,48
image436.png,180,50,9,144,9,168,32
image437.png,180,50,J,9,15,40,44
image437.png,180,50,G,43,9,77,36
image437.png,180,50,U,78,8,110,38
image437.png,180,50,K,114,16,150,50
image437.png,180,50,G,151,6,178,31
image438.png,180,50,K,10,9,41,36
image438.png,180,50,Z,41,9,71,40
image438.png,180,50,Z,76,15,105,44
image438.png,180,50,E,112,7,146,39
image438.png,180,50,9,146,6,169,36
image439.png,180,50,H,10,6,34,32
image439.png,180,50,G,42,11,74,39
image439.png,180,50,2,77,17,101,41
image439.png,180,50,U,115,8,148,36
image439.png,180,50,P,149,17,176,48
image440.png,180,50,3,10,13,34,42
image440.png,180,50,9,40,9,70,39
image440.png,180,50,V,76,16,109,45
image440.png,180,50,V,113,9,143,34
image440.png,180,50,X,145,10,174,38
image441.png,180,50,L,11,18,35,50
image441.png,180,50,2,39,15,66,43
image441.png,180,50,Q,79,16,112,46
image441.png,180,50,X,112,8,141,35
image441.png,180,50,6,145,13,169,41
image442.png,180,50,7,10,6,34,38
image442.png,180,50,U,41,10,73,38
image442.png,180,50,K,79,9,113,41
image442.png,180,50,Y,112,13,149,43
image442.png,180,50,D,149,10,177,39
image443.png,180,50,8,9,9,29,37
image443.png,180,50,C,41,11,74,39
image443.png,180,50,Q,79,8,114,39
image443.png,180,50,R,115,19,150,50
image443.png,180,50,4,150,14,175,42
image444.png,180,50,4,11,8,34,36
image444.png,180,50,T,41,9,74,36
image444.png,180,50,R,80,8,111,36
image444.png,180,50,8,116,8,140,37
image444.png,180,50,J,144,11,168,39
image445.png,180,50,N,12,12,43,41
image445.png,180,50,L,44,13,70,44
image445.png,180,50,L,80,10,104,35
image445.png,180,50,9,113,14,142,43
image445.png,180,50,R,147,5,179,38
image446.png,180,50,8,8,8,31,36
image446.png,180,50,E,39,11,72,45
image446.png,180,50,G,77,11,112,39
image446.png,180,50,A,113,15,145,40
image446.png,180,50,Z,145,16,177,47
image447.png,180,50,R,10,11,41,43
image447.png,180,50,7,41,17,65,47
image447.png,180,50,C,78,7,106,34
image447.png,180,50,C,113,10,147,37
image447.png,180,50,8,148,15,174,42
image448.png,180,50,T,6,8,32,38
image448.png,180,50,P,41,9,73,40
image448.png,180,50,G,77,9,115,37
image448.png,180,50,6,116,15,145,46
image448.png,180,50,Z,147,12,178,41
image449.png,180,50,Q,10,10,40,41
image449.png,180,50,7,42,8,66,38
image449.png,180,50,H,74,8,115,38
image449.png,180,50,K,114,6,139,30
image449.png,180,50,F,151,7,175,33
image450.png,180,50,A,11,9,38,34
image450.png,180,50,Y,40,11,76,40
image450.png,180,50,D,78,11,111,41
image450.png,180,50,L,112,8,138,36
image450.png,180,50,N,148,12,177,43
image451.png,180,50,T,8,11,40,41
image451.png,180,50,R,43,14,76,42
image451.png,180,50,8,80,11,104,38
image451.png,180,50,L,115,9,136,34
image451.png,180,50,V,144,20,180,49
image452.png,180,50,K,10,12,40,42
image452.png,180,50,L,40,8,59,32
image452.png,180,50,Q,76,7,107,37
image452.png,180,50,A,111,10,144,36
image452.png,180,50,3,148,7,168,31
image453.png,180,50,Y,8,8,40,40
image453.png,180,50,U,41,11,77,43
image453.png,180,50,3,78,15,104,44
image453.png,180,50,H,114,21,148,50
image453.png,180,50,3,148,5,170,34
image454.png,180,50,H,10,8,39,38
image454.png,180,50,L,41,21,69,50
image454.png,180,50,X,76,17,115,50
image454.png,180,50,J,115,10,136,37
image454.png,180,50,A,147,15,178,45
image455.png,180,50,F,13,10,37,38
image455.png,180,50,4,41,15,67,41
image455.png,180,50,Y,73,17,112,47
image455.png,180,50,Z,113,7,143,38
image455.png,180,50,Q,147,9,180,37
image456.png,180,50,Z,6,10,35,37
image456.png,180,50,V,41,17,74,48
image456.png,180,50,T,76,13,109,43
image456.png,180,50,2,112,16,139,42
image456.png,180,50,Y,143,12,180,41
image457.png,180,50,D,12,6,36,33
image457.png,180,50,4,43,11,75,41
image457.png,180,50,6,77,7,103,37
image457.png,180,50,9,112,6,140,37
image457.png,180,50,Y,147,9,173,37
image458.png,180,50,X,9,11,34,39
image458.png,180,50,V,38,11,74,36
image458.png,180,50,Z,74,9,108,38
image458.png,180,50,A,110,13,145,44
image458.png,180,50,7,146,13,170,43
image459.png,180,50,G,11,8,42,37
image459.png,180,50,N,41,11,77,40
image459.png,180,50,U,77,6,106,31
image459.png,180,50,C,114,5,142,30
image459.png,180,50,E,148,9,173,35
image460.png,180,50,2,12,5,34,33
image460.png,180,50,G,43,12,79,43
image460.png,180,50,P,79,9,104,37
image460.png,180,50,D,112,7,146,35
image460.png,180,50,L,149,14,172,42
image461.png,180,50,K,11,16,43,50
image461.png,180,50,9,42,19,68,49
image461.png,180,50,K,75,10,106,38
image461.png,180,50,E,110,8,140,33
image461.png,180,50,U,147,18,179,47
image462.png,180,50,Z,10,13,36,44
image462.png,180,50,F,44,8,73,36
image462.png,180,50,X,73,9,113,38
image462.png,180,50,L,114,13,142,47
image462.png,180,50,T,147,14,173,40
image463.png,180,50,J,7,8,33,39
image463.png,180,50,9,41,12,64,37
image463.png,180,50,R,77,8,112,37
image463.png,180,50,M,111,8,145,39
image463.png,180,50,2,146,10,174,39
image464.png,180,50,4,7,8,30,37
image464.png,180,50,2,38,13,66,42
image464.png,180,50,L,75,13,103,42
image464.png,180,50,P,113,10,146,39
image464.png,180,50,9,147,9,167,39
image465.png,180,50,N,12,8,37,36
image465.png,180,50,T,40,13,74,44
image465.png,180,50,G,76,9,107,34
image465.png,180,50,Q,113,6,150,39
image465.png,180,50,G,150,7,177,36
image466.png,180,50,8,9,7,32,35
image466.png,180,50,L,40,15,70,49
image466.png,180,50,C,77,8,111,37
image466.png,180,50,Q,113,12,149,43
image466.png,180,50,P,148,12,177,38
image467.png,180,50,8,10,9,33,36
image467.png,180,50,4,38,14,64,41
image467.png,180,50,G,77,12,113,42
image467.png,180,50,K,115,5,143,32
image467.png,180,50,G,146,8,180,38
image468.png,180,50,H,10,5,40,32
image468.png,180,50,A,42,10,76,38
image468.png,180,50,P,77,9,105,37
image468.png,180,50,F,116,9,142,35
image468.png,180,50,6,147,15,169,40
image469.png,180,50,N,10,19,38,50
image469.png,180,50,D,41,7,75,36
image469.png,180,50,J,78,10,108,33
image469.png,180,50,C,111,10,142,36
image469.png,180,50,D,148,11,176,38
image470.png,180,50,7,9,12,32,40
image470.png,180,50,6,41,12,74,41
image470.png,180,50,E,76,6,107,39
image470.png,180,50,D,109,11,140,34
image470.png,180,50,J,144,10,164,46
image471.png,180,50,Q,10,13,44,47
image471.png,180,50,Y,41,7,78,36
image471.png,180,50,9,78,6,104,36
image471.png,180,50,D,113,14,148,44
image471.png,180,50,R,149,14,176,43
image472.png,180,50,A,9,12,41,42
image472.png,180,50,Q,42,13,78,46
image472.png,180,50,4,77,12,105,42
image472.png,180,50,E,113,8,142,38
image472.png,180,50,Z,146,12,172,43
image473.png,180,50,U,9,5,37,34
image473.png,180,50,H,42,10,75,38
image473.png,180,50,Y,74,10,106,39
image473.png,180,50,F,113,5,140,38
image473.png,180,50,8,146,7,170,36
image474.png,180,50,E,11,10,37,41
image474.png,180,50,C,39,14,75,47
image474.png,180,50,T,76,7,104,35
image474.png,180,50,G,111,10,147,43
image474.png,180,50,F,147,8,170,38
image475.png,180,50,X,8,7,34,35
image475.png,180,50,4,38,14,65,40
image475.png,180,50,U,75,9,109,41
image475.png,180,50,R,116,17,151,50
image475.png,180,50,V,146,4,173,30
image476.png,180,50,R,10,7,38,37
image476.png,180,50,J,39,14,73,44
image476.png,180,50,3,79,11,101,38
image476.png,180,50,G,115,13,150,44
image476.png,180,50,J,148,8,169,35
image477.png,180,50,X,7,12,39,47
image477.png,180,50,P,44,6,74,35
image477.png,180,50,N,79,13,113,45
image477.png,180,50,V,113,12,145,46
image477.png,180,50,L,146,17,173,50
image478.png,180,50,3,11,14,33,45
image478.png,180,50,R,39,7,74,38
image478.png,180,50,J,77,18,106,50
image478.png,180,50,R,114,7,142,33
image478.png,180,50,U,149,8,172,32
image479.png,180,50,Q,10,12,41,45
image479.png,180,50,6,42,13,68,42
image479.png,180,50,4,78,12,111,40
image479.png,180,50,U,114,16,149,46
image479.png,180,50,G,149,10,180,37
image480.png,180,50,V,8,6,39,34
image480.png,180,50,9,40,11,64,38
image480.png,180,50,Y,72,14,109,41
image480.png,180,50,Q,110,9,143,41
image480.png,180,50,P,146,14,171,44
image481.png,180,50,J,8,5,26,33
image481.png,180,50,L,39,7,75,37
image481.png,180,50,H,78,11,115,39
image481.png,180,50,U,115,12,148,41
image481.png,180,50,D,148,12,180,41
image482.png,180,50,7,10,12,35,44
image482.png,180,50,Z,39,16,75,46
image482.png,180,50,3,78,5,102,31
image482.png,180,50,X,109,8,146,36
image482.png,180,50,2,146,10,167,39
image483.png,180,50,P,10,9,39,40
image483.png,180,50,Q,42,8,73,40
image483.png,180,50,4,75,14,103,40
image483.png,180,50,8,113,21,140,49
image483.png,180,50,F,147,10,175,36
image484.png,180,50,7,9,10,36,42
image484.png,180,50,H,42,13,76,43
image484.png,180,50,6,77,8,99,30
image484.png,180,50,H,114,8,145,36
image484.png,180,50,V,148,17,179,47
image485.png,180,50,U,12,5,41,35
image485.png,180,50,V,42,6,71,31
image485.png,180,50,P,77,13,103,43
image485.png,180,50,L,115,10,144,38
image485.png,180,50,J,144,13,158,44
image486.png,180,50,Z,9,13,36,41
image486.png,180,50,Z,42,9,68,34
image486.png,180,50,J,77,11,107,38
image486.png,180,50,H,114,7,145,36
image486.png,180,50,Q,146,7,180,37
image487.png,180,50,J,6,11,32,41
image487.png,180,50,R,39,15,77,46
image487.png,180,50,E,76,11,106,37
image487.png,180,50,H,111,11,143,35
image487.png,180,50,Y,147,14,179,44
image488.png,180,50,G,10,7,42,36
image488.png,180,50,9,45,9,69,33
image488.png,180,50,F,75,8,106,35
image488.png,180,50,Z,112,14,143,43
image488.png,180,50,E,147,12,174,47
image489.png,180,50,2,11,8,33,40
image489.png,180,50,2,39,15,72,45
image489.png,180,50,A,75,7,106,34
image489.png,180,50,Z,112,6,142,32
image489.png,180,50,L,146,11,176,37
image490.png,180,50,J,6,9,29,38
image490.png,180,50,U,44,11,78,41
image490.png,180,50,6,78,14,102,41
image490.png,180,50,2,112,11,140,39
image490.png,180,50,U,146,6,175,33
image491.png,180,50,K,5,8,35,33
image491.png,180,50,C,40,13,69,35
image491.png,180,50,C,79,12,110,40
image491.png,180,50,U,112,12,147,41
image491.png,180,50,L,147,12,176,43
image492.png,180,50,6,10,7,32,34
image492.png,180,50,4,40,11,74,40
image492.png,180,50,7,76,15,107,44
image492.png,180,50,V,112,10,147,39
image492.png,180,50,U,147,13,180,45
image493.png,180,50,P,11,10,34,36
image493.png,180,50,X,37,9,76,39
image493.png,180,50,2,78,21,106,49
image493.png,180,50,X,113,7,145,39
image493.png,180,50,3,147,9,170,36
image494.png,180,50,9,8,11,35,41
image494.png,180,50,P,40,7,71,35
image494.png,180,50,V,75,5,110,35
image494.png,180,50,Y,111,16,141,46
image494.png,180,50,A,144,7,170,36
image495.png,180,50,T,11,12,40,42
image495.png,180,50,G,42,10,76,40
image495.png,180,50,Q,78,4,106,36
image495.png,180,50,Z,112,6,144,34
image495.png,180,50,H,148,3,175,28
image496.png,180,50,D,10,18,40,49
image496.png,180,50,A,41,13,77,39
image496.png,180,50,K,77,7,114,34
image496.png,180,50,2,115,10,142,38
image496.png,180,50,Q,147,10,174,42
image497.png,180,50,X,10,5,39,34
image497.png,180,50,3,40,21,68,50
image497.png,180,50,F,76,8,97,35
image497.png,180,50,2,115,7,141,35
image497.png,180,50,Y,146,5,180,35
image498.png,180,50,G,9,14,42,43
image498.png,180,50,V,42,12,73,44
image498.png,180,50,A,76,16,111,44
image498.png,180,50,3,112,13,147,43
image498.png,180,50,7,148,2,171,32
image499.png,180,50,V,7,6,36,33
image499.png,180,50,3,37,9,64,37
image499.png,180,50,L,79,12,104,38
image499.png,180,50,C,111,8,145,38
image499.png,180,50,6,146,12,167,38
